id,covid19
03806,-1
03807,-1
03808,-1
03809,-1
03810,-1
03811,-1
03812,-1
03813,-1
03814,-1
03815,-1
03816,-1
03817,-1
03818,-1
03819,-1
03820,-1
03821,-1
03822,-1
03823,-1
03824,-1
03825,-1
03826,-1
03827,-1
03828,-1
03829,-1
03830,-1
03831,-1
03832,-1
03833,-1
03834,-1
03835,-1
03836,-1
03837,-1
03838,-1
03839,-1
03840,-1
03841,-1
03842,-1
03843,-1
03844,-1
03845,-1
03846,-1
03847,-1
03848,-1
03849,-1
03850,-1
03851,-1
03852,-1
03853,-1
03854,-1
03855,-1
03856,-1
03857,-1
03858,-1
03859,-1
03860,-1
03861,-1
03862,-1
03863,-1
03864,-1
03865,-1
03866,-1
03867,-1
03868,-1
03869,-1
03870,-1
03871,-1
03872,-1
03873,-1
03874,-1
03875,-1
03876,-1
03877,-1
03878,-1
03879,-1
03880,-1
03881,-1
03882,-1
03883,-1
03884,-1
03885,-1
03886,-1
03887,-1
03888,-1
03889,-1
03890,-1
03891,-1
03892,-1
03893,-1
03894,-1
03895,-1
03896,-1
03897,-1
03898,-1
03899,-1
03900,-1
03901,-1
03902,-1
03903,-1
03904,-1
03905,-1
03906,-1
03907,-1
03908,-1
03909,-1
03910,-1
03911,-1
03912,-1
03913,-1
03914,-1
03915,-1
03916,-1
03917,-1
03918,-1
03919,-1
03920,-1
03921,-1
03922,-1
03923,-1
03924,-1
03925,-1
03926,-1
03927,-1
03928,-1
03929,-1
03930,-1
03931,-1
03932,-1
03933,-1
03934,-1
03935,-1
03936,-1
03937,-1
03938,-1
03939,-1
03940,-1
03941,-1
03942,-1
03943,-1
03944,-1
03945,-1
03946,-1
03947,-1
03948,-1
03949,-1
03950,-1
03951,-1
03952,-1
03953,-1
03954,-1
03955,-1
03956,-1
03957,-1
03958,-1
03959,-1
03960,-1
03961,-1
03962,-1
03963,-1
03964,-1
03965,-1
03966,-1
03967,-1
03968,-1
03969,-1
03970,-1
03971,-1
03972,-1
03973,-1
03974,-1
03975,-1
03976,-1
03977,-1
03978,-1
03979,-1
03980,-1
03981,-1
03982,-1
03983,-1
03984,-1
03985,-1
03986,-1
03987,-1
03988,-1
03989,-1
03990,-1
03991,-1
03992,-1
03993,-1
03994,-1
03995,-1
03996,-1
03997,-1
03998,-1
03999,-1
04000,-1
04001,-1
04002,-1
04003,-1
04004,-1
04005,-1
04006,-1
04007,-1
04008,-1
04009,-1
04010,-1
04011,-1
04012,-1
04013,-1
04014,-1
04015,-1
04016,-1
04017,-1
04018,-1
04019,-1
04020,-1
04021,-1
04022,-1
04023,-1
04024,-1
04025,-1
04026,-1
04027,-1
04028,-1
04029,-1
04030,-1
04031,-1
04032,-1
04033,-1
04034,-1
04035,-1
04036,-1
04037,-1
04038,-1
04039,-1
04040,-1
04041,-1
04042,-1
04043,-1
04044,-1
04045,-1
04046,-1
04047,-1
04048,-1
04049,-1
04050,-1
04051,-1
04052,-1
04053,-1
04054,-1
04055,-1
04056,-1
04057,-1
04058,-1
04059,-1
04060,-1
04061,-1
04062,-1
04063,-1
04064,-1
04065,-1
04066,-1
04067,-1
04068,-1
04069,-1
04070,-1
04071,-1
04072,-1
04073,-1
04074,-1
04075,-1
04076,-1
04077,-1
04078,-1
04079,-1
04080,-1
04081,-1
04082,-1
04083,-1
04084,-1
04085,-1
04086,-1
04087,-1
04088,-1
04089,-1
04090,-1
04091,-1
04092,-1
04093,-1
04094,-1
04095,-1
04096,-1
04097,-1
04098,-1
04099,-1
04100,-1
04101,-1
04102,-1
04103,-1
04104,-1
04105,-1
04106,-1
04107,-1
04108,-1
04109,-1
04110,-1
04111,-1
04112,-1
04113,-1
04114,-1
04115,-1
04116,-1
04117,-1
04118,-1
04119,-1
04120,-1
04121,-1
04122,-1
04123,-1
04124,-1
04125,-1
04126,-1
04127,-1
04128,-1
04129,-1
04130,-1
04131,-1
04132,-1
04133,-1
04134,-1
04135,-1
04136,-1
04137,-1
04138,-1
04139,-1
04140,-1
04141,-1
04142,-1
04143,-1
04144,-1
04145,-1
04146,-1
04147,-1
04148,-1
04149,-1
04150,-1
04151,-1
04152,-1
04153,-1
04154,-1
04155,-1
04156,-1
04157,-1
04158,-1
04159,-1
04160,-1
04161,-1
04162,-1
04163,-1
04164,-1
04165,-1
04166,-1
04167,-1
04168,-1
04169,-1
04170,-1
04171,-1
04172,-1
04173,-1
04174,-1
04175,-1
04176,-1
04177,-1
04178,-1
04179,-1
04180,-1
04181,-1
04182,-1
04183,-1
04184,-1
04185,-1
04186,-1
04187,-1
04188,-1
04189,-1
04190,-1
04191,-1
04192,-1
04193,-1
04194,-1
04195,-1
04196,-1
04197,-1
04198,-1
04199,-1
04200,-1
04201,-1
04202,-1
04203,-1
04204,-1
04205,-1
04206,-1
04207,-1
04208,-1
04209,-1
04210,-1
04211,-1
04212,-1
04213,-1
04214,-1
04215,-1
04216,-1
04217,-1
04218,-1
04219,-1
04220,-1
04221,-1
04222,-1
04223,-1
04224,-1
04225,-1
04226,-1
04227,-1
04228,-1
04229,-1
04230,-1
04231,-1
04232,-1
04233,-1
04234,-1
04235,-1
04236,-1
04237,-1
04238,-1
04239,-1
04240,-1
04241,-1
04242,-1
04243,-1
04244,-1
04245,-1
04246,-1
04247,-1
04248,-1
04249,-1
04250,-1
04251,-1
04252,-1
04253,-1
04254,-1
04255,-1
04256,-1
04257,-1
04258,-1
04259,-1
04260,-1
04261,-1
04262,-1
04263,-1
04264,-1
04265,-1
04266,-1
04267,-1
04268,-1
04269,-1
04270,-1
04271,-1
04272,-1
04273,-1
04274,-1
04275,-1
04276,-1
04277,-1
04278,-1
04279,-1
04280,-1
04281,-1
04282,-1
04283,-1
04284,-1
04285,-1
04286,-1
04287,-1
04288,-1
04289,-1
04290,-1
04291,-1
04292,-1
04293,-1
04294,-1
04295,-1
04296,-1
04297,-1
04298,-1
04299,-1
04300,-1
04301,-1
04302,-1
04303,-1
04304,-1
04305,-1
04306,-1
04307,-1
04308,-1
04309,-1
04310,-1
04311,-1
04312,-1
04313,-1
04314,-1
04315,-1
04316,-1
04317,-1
04318,-1
04319,-1
04320,-1
04321,-1
04322,-1
04323,-1
04324,-1
04325,-1
04326,-1
04327,-1
04328,-1
04329,-1
04330,-1
04331,-1
04332,-1
04333,-1
04334,-1
04335,-1
04336,-1
04337,-1
04338,-1
04339,-1
04340,-1
04341,-1
04342,-1
04343,-1
04344,-1
04345,-1
04346,-1
04347,-1
04348,-1
04349,-1
04350,-1
04351,-1
04352,-1
04353,-1
04354,-1
04355,-1
04356,-1
04357,-1
04358,-1
04359,-1
04360,-1
04361,-1
04362,-1
04363,-1
04364,-1
04365,-1
04366,-1
04367,-1
04368,-1
04369,-1
04370,-1
04371,-1
04372,-1
04373,-1
04374,-1
04375,-1
04376,-1
04377,-1
04378,-1
04379,-1
04380,-1
04381,-1
04382,-1
04383,-1
04384,-1
04385,-1
04386,-1
04387,-1
04388,-1
04389,-1
04390,-1
04391,-1
04392,-1
04393,-1
04394,-1
04395,-1
04396,-1
04397,-1
04398,-1
04399,-1
04400,-1
04401,-1
04402,-1
04403,-1
04404,-1
04405,-1
04406,-1
04407,-1
04408,-1
04409,-1
04410,-1
04411,-1
04412,-1
04413,-1
04414,-1
04415,-1
04416,-1
04417,-1
04418,-1
04419,-1
04420,-1
04421,-1
04422,-1
04423,-1
04424,-1
04425,-1
04426,-1
04427,-1
04428,-1
04429,-1
04430,-1
04431,-1
04432,-1
04433,-1
04434,-1
04435,-1
04436,-1
04437,-1
04438,-1
04439,-1
04440,-1
04441,-1
04442,-1
04443,-1
04444,-1
04445,-1
04446,-1
04447,-1
04448,-1
04449,-1
04450,-1
04451,-1
04452,-1
04453,-1
04454,-1
04455,-1
04456,-1
04457,-1
04458,-1
04459,-1
04460,-1
04461,-1
04462,-1
04463,-1
04464,-1
04465,-1
04466,-1
04467,-1
04468,-1
04469,-1
04470,-1
04471,-1
04472,-1
04473,-1
04474,-1
04475,-1
04476,-1
04477,-1
04478,-1
04479,-1
04480,-1
04481,-1
04482,-1
04483,-1
04484,-1
04485,-1
04486,-1
04487,-1
04488,-1
04489,-1
04490,-1
04491,-1
04492,-1
04493,-1
04494,-1
04495,-1
04496,-1
04497,-1
04498,-1
04499,-1
04500,-1
04501,-1
04502,-1
04503,-1
04504,-1
04505,-1
04506,-1
04507,-1
04508,-1
04509,-1
04510,-1
04511,-1
04512,-1
04513,-1
04514,-1
04515,-1
04516,-1
04517,-1
04518,-1
04519,-1
04520,-1
04521,-1
04522,-1
04523,-1
04524,-1
04525,-1
04526,-1
04527,-1
04528,-1
04529,-1
04530,-1
04531,-1
04532,-1
04533,-1
04534,-1
04535,-1
04536,-1
04537,-1
04538,-1
04539,-1
04540,-1
04541,-1
04542,-1
04543,-1
04544,-1
04545,-1
04546,-1
04547,-1
04548,-1
04549,-1
04550,-1
04551,-1
04552,-1
04553,-1
04554,-1
04555,-1
04556,-1
04557,-1
04558,-1
04559,-1
04560,-1
04561,-1
04562,-1
04563,-1
04564,-1
04565,-1
04566,-1
04567,-1
04568,-1
04569,-1
04570,-1
04571,-1
04572,-1
04573,-1
04574,-1
04575,-1
04576,-1
04577,-1
04578,-1
04579,-1
04580,-1
04581,-1
04582,-1
04583,-1
04584,-1
04585,-1
04586,-1
04587,-1
04588,-1
04589,-1
04590,-1
04591,-1
04592,-1
04593,-1
04594,-1
04595,-1
04596,-1
04597,-1
04598,-1
04599,-1
04600,-1
04601,-1
04602,-1
04603,-1
04604,-1
04605,-1
04606,-1
04607,-1
04608,-1
04609,-1
04610,-1
04611,-1
04612,-1
04613,-1
04614,-1
04615,-1
04616,-1
04617,-1
04618,-1
04619,-1
04620,-1
04621,-1
04622,-1
04623,-1
04624,-1
04625,-1
04626,-1
04627,-1
04628,-1
04629,-1
04630,-1
04631,-1
04632,-1
04633,-1
04634,-1
04635,-1
04636,-1
04637,-1
04638,-1
04639,-1
04640,-1
04641,-1
04642,-1
04643,-1
04644,-1
04645,-1
04646,-1
04647,-1
04648,-1
04649,-1
04650,-1
04651,-1
04652,-1
04653,-1
04654,-1
04655,-1
04656,-1
04657,-1
04658,-1
04659,-1
04660,-1
04661,-1
04662,-1
04663,-1
04664,-1
04665,-1
04666,-1
04667,-1
04668,-1
04669,-1
04670,-1
04671,-1
04672,-1
04673,-1
04674,-1
04675,-1
04676,-1
04677,-1
04678,-1
04679,-1
04680,-1
04681,-1
04682,-1
04683,-1
04684,-1
04685,-1
04686,-1
04687,-1
04688,-1
04689,-1
04690,-1
04691,-1
04692,-1
04693,-1
04694,-1
04695,-1
04696,-1
04697,-1
04698,-1
04699,-1
04700,-1
04701,-1
04702,-1
04703,-1
04704,-1
04705,-1
04706,-1
04707,-1
04708,-1
04709,-1
04710,-1
04711,-1
04712,-1
04713,-1
04714,-1
04715,-1
04716,-1
04717,-1
04718,-1
04719,-1
04720,-1
04721,-1
04722,-1
04723,-1
04724,-1
04725,-1
04726,-1
04727,-1
04728,-1
04729,-1
04730,-1
04731,-1
04732,-1
04733,-1
04734,-1
04735,-1
04736,-1
04737,-1
04738,-1
04739,-1
04740,-1
04741,-1
04742,-1
04743,-1
04744,-1
04745,-1
04746,-1
04747,-1
04748,-1
04749,-1
04750,-1
04751,-1
04752,-1
04753,-1
04754,-1
04755,-1
04756,-1
04757,-1
04758,-1
04759,-1
04760,-1
04761,-1
04762,-1
04763,-1
04764,-1
04765,-1
04766,-1
04767,-1
04768,-1
04769,-1
04770,-1
04771,-1
04772,-1
04773,-1
04774,-1
04775,-1
04776,-1
04777,-1
04778,-1
04779,-1
04780,-1
04781,-1
04782,-1
04783,-1
04784,-1
04785,-1
04786,-1
04787,-1
04788,-1
04789,-1
04790,-1
04791,-1
04792,-1
04793,-1
04794,-1
04795,-1
04796,-1
04797,-1
04798,-1
04799,-1
04800,-1
04801,-1
04802,-1
04803,-1
04804,-1
04805,-1
04806,-1
04807,-1
04808,-1
04809,-1
04810,-1
04811,-1
04812,-1
04813,-1
04814,-1
04815,-1
04816,-1
04817,-1
04818,-1
04819,-1
04820,-1
04821,-1
04822,-1
04823,-1
04824,-1
04825,-1
04826,-1
04827,-1
04828,-1
04829,-1
04830,-1
04831,-1
04832,-1
04833,-1
04834,-1
04835,-1
04836,-1
04837,-1
04838,-1
04839,-1
04840,-1
04841,-1
04842,-1
04843,-1
04844,-1
04845,-1
04846,-1
04847,-1
04848,-1
04849,-1
04850,-1
04851,-1
04852,-1
04853,-1
04854,-1
04855,-1
04856,-1
04857,-1
04858,-1
04859,-1
04860,-1
04861,-1
04862,-1
04863,-1
04864,-1
04865,-1
04866,-1
04867,-1
04868,-1
04869,-1
04870,-1
04871,-1
04872,-1
04873,-1
04874,-1
04875,-1
04876,-1
04877,-1
04878,-1
04879,-1
04880,-1
04881,-1
04882,-1
04883,-1
04884,-1
04885,-1
04886,-1
04887,-1
04888,-1
04889,-1
04890,-1
04891,-1
04892,-1
04893,-1
04894,-1
04895,-1
04896,-1
04897,-1
04898,-1
04899,-1
04900,-1
04901,-1
04902,-1
04903,-1
04904,-1
04905,-1
04906,-1
04907,-1
04908,-1
04909,-1
04910,-1
04911,-1
04912,-1
04913,-1
04914,-1
04915,-1
04916,-1
04917,-1
04918,-1
04919,-1
04920,-1
04921,-1
04922,-1
04923,-1
04924,-1
04925,-1
04926,-1
04927,-1
04928,-1
04929,-1
04930,-1
04931,-1
04932,-1
04933,-1
04934,-1
04935,-1
04936,-1
04937,-1
04938,-1
04939,-1
04940,-1
04941,-1
04942,-1
04943,-1
04944,-1
04945,-1
04946,-1
04947,-1
04948,-1
04949,-1
04950,-1
04951,-1
04952,-1
04953,-1
04954,-1
04955,-1
04956,-1
04957,-1
04958,-1
04959,-1
04960,-1
04961,-1
04962,-1
04963,-1
04964,-1
04965,-1
04966,-1
04967,-1
04968,-1
04969,-1
04970,-1
04971,-1
04972,-1
04973,-1
04974,-1
04975,-1
04976,-1
04977,-1
04978,-1
04979,-1
04980,-1
04981,-1
04982,-1
04983,-1
04984,-1
04985,-1
04986,-1
04987,-1
04988,-1
04989,-1
04990,-1
04991,-1
04992,-1
04993,-1
04994,-1
04995,-1
04996,-1
04997,-1
04998,-1
04999,-1
05000,-1
05001,-1
05002,-1
05003,-1
05004,-1
05005,-1
05006,-1
05007,-1
05008,-1
05009,-1
05010,-1
05011,-1
05012,-1
05013,-1
05014,-1
05015,-1
05016,-1
05017,-1
05018,-1
05019,-1
05020,-1
05021,-1
05022,-1
05023,-1
05024,-1
05025,-1
05026,-1
05027,-1
05028,-1
05029,-1
05030,-1
05031,-1
05032,-1
05033,-1
05034,-1
05035,-1
05036,-1
05037,-1
05038,-1
05039,-1
05040,-1
05041,-1
05042,-1
05043,-1
05044,-1
05045,-1
05046,-1
05047,-1
05048,-1
05049,-1
05050,-1
05051,-1
05052,-1
05053,-1
05054,-1
05055,-1
05056,-1
05057,-1
05058,-1
05059,-1
05060,-1
05061,-1
05062,-1
05063,-1
05064,-1
05065,-1
05066,-1
05067,-1
05068,-1
05069,-1
05070,-1
05071,-1
05072,-1
05073,-1
05074,-1
05075,-1
05076,-1
05077,-1
05078,-1
05079,-1
05080,-1
05081,-1
05082,-1
05083,-1
05084,-1
05085,-1
05086,-1
05087,-1
05088,-1
05089,-1
05090,-1
05091,-1
05092,-1
05093,-1
05094,-1
05095,-1
05096,-1
05097,-1
05098,-1
05099,-1
05100,-1
05101,-1
05102,-1
05103,-1
05104,-1
05105,-1
05106,-1
05107,-1
05108,-1
05109,-1
05110,-1
05111,-1
05112,-1
05113,-1
05114,-1
05115,-1
05116,-1
05117,-1
05118,-1
05119,-1
05120,-1
05121,-1
05122,-1
05123,-1
05124,-1
05125,-1
05126,-1
05127,-1
05128,-1
05129,-1
05130,-1
05131,-1
05132,-1
05133,-1
05134,-1
05135,-1
05136,-1
05137,-1
05138,-1
05139,-1
05140,-1
05141,-1
05142,-1
05143,-1
05144,-1
05145,-1
05146,-1
05147,-1
05148,-1
05149,-1
05150,-1
05151,-1
05152,-1
05153,-1
05154,-1
05155,-1
05156,-1
05157,-1
05158,-1
05159,-1
05160,-1
05161,-1
05162,-1
05163,-1
05164,-1
05165,-1
05166,-1
05167,-1
05168,-1
05169,-1
05170,-1
05171,-1
05172,-1
05173,-1
05174,-1
05175,-1
05176,-1
05177,-1
05178,-1
05179,-1
05180,-1
05181,-1
05182,-1
05183,-1
05184,-1
05185,-1
05186,-1
05187,-1
05188,-1
05189,-1
05190,-1
05191,-1
05192,-1
05193,-1
05194,-1
05195,-1
05196,-1
05197,-1
05198,-1
05199,-1
05200,-1
05201,-1
05202,-1
05203,-1
05204,-1
05205,-1
05206,-1
05207,-1
05208,-1
05209,-1
05210,-1
05211,-1
05212,-1
05213,-1
05214,-1
05215,-1
05216,-1
05217,-1
05218,-1
05219,-1
05220,-1
05221,-1
05222,-1
05223,-1
05224,-1
05225,-1
05226,-1
05227,-1
05228,-1
05229,-1
05230,-1
05231,-1
05232,-1
05233,-1
05234,-1
05235,-1
05236,-1
05237,-1
05238,-1
05239,-1
05240,-1
05241,-1
05242,-1
05243,-1
05244,-1
05245,-1
05246,-1
05247,-1
05248,-1
05249,-1
05250,-1
05251,-1
05252,-1
05253,-1
05254,-1
05255,-1
05256,-1
05257,-1
05258,-1
05259,-1
05260,-1
05261,-1
05262,-1
05263,-1
05264,-1
05265,-1
05266,-1
05267,-1
05268,-1
05269,-1
05270,-1
05271,-1
05272,-1
05273,-1
05274,-1
05275,-1
05276,-1
05277,-1
05278,-1
05279,-1
05280,-1
05281,-1
05282,-1
05283,-1
05284,-1
05285,-1
05286,-1
05287,-1
05288,-1
05289,-1
05290,-1
05291,-1
05292,-1
05293,-1
05294,-1
05295,-1
05296,-1
05297,-1
05298,-1
05299,-1
05300,-1
05301,-1
05302,-1
05303,-1
05304,-1
05305,-1
05306,-1
05307,-1
05308,-1
05309,-1
05310,-1
05311,-1
05312,-1
05313,-1
05314,-1
05315,-1
05316,-1
05317,-1
05318,-1
05319,-1
05320,-1
05321,-1
05322,-1
05323,-1
05324,-1
05325,-1
05326,-1
05327,-1
05328,-1
05329,-1
05330,-1
05331,-1
05332,-1
05333,-1
05334,-1
05335,-1
05336,-1
05337,-1
05338,-1
05339,-1
05340,-1
05341,-1
05342,-1
05343,-1
05344,-1
05345,-1
05346,-1
05347,-1
05348,-1
05349,-1
05350,-1
05351,-1
05352,-1
05353,-1
05354,-1
05355,-1
05356,-1
05357,-1
05358,-1
05359,-1
05360,-1
05361,-1
05362,-1
05363,-1
05364,-1
05365,-1
05366,-1
05367,-1
05368,-1
05369,-1
05370,-1
05371,-1
05372,-1
05373,-1
05374,-1
05375,-1
05376,-1
05377,-1
05378,-1
05379,-1
05380,-1
05381,-1
05382,-1
05383,-1
05384,-1
05385,-1
05386,-1
05387,-1
05388,-1
05389,-1
05390,-1
05391,-1
05392,-1
05393,-1
05394,-1
05395,-1
05396,-1
05397,-1
05398,-1
05399,-1
05400,-1
05401,-1
05402,-1
05403,-1
05404,-1
05405,-1
05406,-1
05407,-1
05408,-1
05409,-1
05410,-1
05411,-1
05412,-1
05413,-1
05414,-1
05415,-1
05416,-1
05417,-1
05418,-1
05419,-1
05420,-1
05421,-1
05422,-1
05423,-1
05424,-1
05425,-1
05426,-1
05427,-1
05428,-1
05429,-1
05430,-1
05431,-1
05432,-1
05433,-1
05434,-1
05435,-1
05436,-1
05437,-1
05438,-1
05439,-1
05440,-1
05441,-1
05442,-1
05443,-1
05444,-1
05445,-1
05446,-1
05447,-1
05448,-1
05449,-1
05450,-1
05451,-1
05452,-1
05453,-1
05454,-1
05455,-1
05456,-1
05457,-1
05458,-1
05459,-1
05460,-1
05461,-1
05462,-1
05463,-1
05464,-1
05465,-1
05466,-1
05467,-1
05468,-1
05469,-1
05470,-1
05471,-1
05472,-1
05473,-1
05474,-1
05475,-1
05476,-1
05477,-1
05478,-1
05479,-1
05480,-1
05481,-1
05482,-1
05483,-1
05484,-1
05485,-1
05486,-1
05487,-1
05488,-1
05489,-1
05490,-1
05491,-1
05492,-1
05493,-1
05494,-1
05495,-1
05496,-1
05497,-1
05498,-1
05499,-1
05500,-1
05501,-1
05502,-1
05503,-1
05504,-1
05505,-1
05506,-1
05507,-1
05508,-1
05509,-1
05510,-1
05511,-1
05512,-1
05513,-1
05514,-1
05515,-1
05516,-1
05517,-1
05518,-1
05519,-1
05520,-1
05521,-1
05522,-1
05523,-1
05524,-1
05525,-1
05526,-1
05527,-1
05528,-1
05529,-1
05530,-1
05531,-1
05532,-1
05533,-1
05534,-1
05535,-1
05536,-1
05537,-1
05538,-1
05539,-1
05540,-1
05541,-1
05542,-1
05543,-1
05544,-1
05545,-1
05546,-1
05547,-1
05548,-1
05549,-1
05550,-1
05551,-1
05552,-1
05553,-1
05554,-1
05555,-1
05556,-1
05557,-1
05558,-1
05559,-1
05560,-1
05561,-1
05562,-1
05563,-1
05564,-1
05565,-1
05566,-1
05567,-1
05568,-1
05569,-1
05570,-1
05571,-1
05572,-1
05573,-1
05574,-1
05575,-1
05576,-1
05577,-1
05578,-1
05579,-1
05580,-1
05581,-1
05582,-1
05583,-1
05584,-1
05585,-1
05586,-1
05587,-1
05588,-1
05589,-1
05590,-1
05591,-1
05592,-1
05593,-1
05594,-1
05595,-1
05596,-1
05597,-1
05598,-1
05599,-1
05600,-1
05601,-1
05602,-1
05603,-1
05604,-1
05605,-1
05606,-1
05607,-1
05608,-1
05609,-1
05610,-1
05611,-1
05612,-1
05613,-1
05614,-1
05615,-1
05616,-1
05617,-1
05618,-1
05619,-1
05620,-1
05621,-1
05622,-1
05623,-1
05624,-1
05625,-1
05626,-1
05627,-1
05628,-1
05629,-1
05630,-1
05631,-1
05632,-1
05633,-1
05634,-1
05635,-1
05636,-1
05637,-1
05638,-1
05639,-1
05640,-1
05641,-1
05642,-1
05643,-1
05644,-1
05645,-1
05646,-1
05647,-1
05648,-1
05649,-1
05650,-1
05651,-1
05652,-1
05653,-1
05654,-1
05655,-1
05656,-1
05657,-1
05658,-1
05659,-1
05660,-1
05661,-1
05662,-1
05663,-1
05664,-1
05665,-1
05666,-1
05667,-1
05668,-1
05669,-1
05670,-1
05671,-1
05672,-1
05673,-1
05674,-1
05675,-1
05676,-1
05677,-1
05678,-1
05679,-1
05680,-1
05681,-1
05682,-1
05683,-1
05684,-1
05685,-1
05686,-1
05687,-1
05688,-1
05689,-1
05690,-1
05691,-1
05692,-1
05693,-1
05694,-1
05695,-1
05696,-1
05697,-1
05698,-1
05699,-1
05700,-1
05701,-1
05702,-1
05703,-1
05704,-1
05705,-1
05706,-1
05707,-1
05708,-1
05709,-1
05710,-1
05711,-1
05712,-1
05713,-1
05714,-1
05715,-1
05716,-1
05717,-1
05718,-1
05719,-1
05720,-1
05721,-1
05722,-1
05723,-1
05724,-1
05725,-1
05726,-1
05727,-1
05728,-1
05729,-1
05730,-1
05731,-1
05732,-1
05733,-1
05734,-1
05735,-1
05736,-1
05737,-1
05738,-1
05739,-1
05740,-1
05741,-1
05742,-1
05743,-1
05744,-1
05745,-1
05746,-1
05747,-1
05748,-1
05749,-1
05750,-1
05751,-1
05752,-1
05753,-1
05754,-1
05755,-1
05756,-1
05757,-1
05758,-1
05759,-1
05760,-1
05761,-1
05762,-1
05763,-1
05764,-1
05765,-1
05766,-1
05767,-1
05768,-1
05769,-1
05770,-1
05771,-1
05772,-1
05773,-1
05774,-1
05775,-1
05776,-1
05777,-1
05778,-1
05779,-1
05780,-1
05781,-1
05782,-1
05783,-1
05784,-1
05785,-1
05786,-1
05787,-1
05788,-1
05789,-1
05790,-1
05791,-1
05792,-1
05793,-1
05794,-1
05795,-1
05796,-1
05797,-1
05798,-1
05799,-1
05800,-1
05801,-1
05802,-1
05803,-1
05804,-1
05805,-1
05806,-1
05807,-1
05808,-1
05809,-1
05810,-1
05811,-1
05812,-1
05813,-1
05814,-1
05815,-1
05816,-1
05817,-1
05818,-1
05819,-1
05820,-1
05821,-1
05822,-1
05823,-1
05824,-1
05825,-1
05826,-1
05827,-1
05828,-1
05829,-1
05830,-1
05831,-1
05832,-1
05833,-1
05834,-1
05835,-1
05836,-1
05837,-1
05838,-1
05839,-1
05840,-1
05841,-1
05842,-1
05843,-1
05844,-1
05845,-1
05846,-1
05847,-1
05848,-1
05849,-1
05850,-1
05851,-1
05852,-1
05853,-1
05854,-1
05855,-1
05856,-1
05857,-1
05858,-1
05859,-1
05860,-1
05861,-1
05862,-1
05863,-1
05864,-1
05865,-1
05866,-1
05867,-1
05868,-1
05869,-1
05870,-1
05871,-1
05872,-1
05873,-1
05874,-1
05875,-1
05876,-1
05877,-1
05878,-1
05879,-1
05880,-1
05881,-1
05882,-1
05883,-1
05884,-1
05885,-1
05886,-1
05887,-1
05888,-1
05889,-1
05890,-1
05891,-1
05892,-1
05893,-1
05894,-1
05895,-1
05896,-1
05897,-1
05898,-1
05899,-1
05900,-1
05901,-1
05902,-1
05903,-1
05904,-1
05905,-1
05906,-1
05907,-1
05908,-1
05909,-1
05910,-1
05911,-1
05912,-1
05913,-1
05914,-1
05915,-1
05916,-1
05917,-1
05918,-1
05919,-1
05920,-1
05921,-1
05922,-1
05923,-1
05924,-1
05925,-1
05926,-1
05927,-1
05928,-1
05929,-1
05930,-1
05931,-1
05932,-1
05933,-1
05934,-1
05935,-1
05936,-1
05937,-1
05938,-1
05939,-1
05940,-1
05941,-1
05942,-1
05943,-1
05944,-1
05945,-1
05946,-1
05947,-1
05948,-1
05949,-1
05950,-1
05951,-1
05952,-1
05953,-1
05954,-1
05955,-1
05956,-1
05957,-1
05958,-1
05959,-1
05960,-1
05961,-1
05962,-1
05963,-1
05964,-1
05965,-1
05966,-1
05967,-1
05968,-1
05969,-1
05970,-1
05971,-1
05972,-1
05973,-1
05974,-1
05975,-1
05976,-1
05977,-1
05978,-1
05979,-1
05980,-1
05981,-1
05982,-1
05983,-1
05984,-1
05985,-1
05986,-1
05987,-1
05988,-1
05989,-1
05990,-1
05991,-1
05992,-1
05993,-1
05994,-1
05995,-1
05996,-1
05997,-1
05998,-1
05999,-1
06000,-1
06001,-1
06002,-1
06003,-1
06004,-1
06005,-1
06006,-1
06007,-1
06008,-1
06009,-1
06010,-1
06011,-1
06012,-1
06013,-1
06014,-1
06015,-1
06016,-1
06017,-1
06018,-1
06019,-1
06020,-1
06021,-1
06022,-1
06023,-1
06024,-1
06025,-1
06026,-1
06027,-1
06028,-1
06029,-1
06030,-1
06031,-1
06032,-1
06033,-1
06034,-1
06035,-1
06036,-1
06037,-1
06038,-1
06039,-1
06040,-1
06041,-1
06042,-1
06043,-1
06044,-1
06045,-1
06046,-1
06047,-1
06048,-1
06049,-1
06050,-1
06051,-1
06052,-1
06053,-1
06054,-1
06055,-1
06056,-1
06057,-1
06058,-1
06059,-1
06060,-1
06061,-1
06062,-1
06063,-1
06064,-1
06065,-1
06066,-1
06067,-1
06068,-1
06069,-1
06070,-1
06071,-1
06072,-1
06073,-1
06074,-1
06075,-1
06076,-1
06077,-1
06078,-1
06079,-1
06080,-1
06081,-1
06082,-1
06083,-1
06084,-1
06085,-1
06086,-1
06087,-1
06088,-1
06089,-1
06090,-1
06091,-1
06092,-1
06093,-1
06094,-1
06095,-1
06096,-1
06097,-1
06098,-1
06099,-1
06100,-1
06101,-1
06102,-1
06103,-1
06104,-1
06105,-1
06106,-1
06107,-1
06108,-1
06109,-1
06110,-1
06111,-1
06112,-1
06113,-1
06114,-1
06115,-1
06116,-1
06117,-1
06118,-1
06119,-1
06120,-1
06121,-1
06122,-1
06123,-1
06124,-1
06125,-1
06126,-1
06127,-1
06128,-1
06129,-1
06130,-1
06131,-1
06132,-1
06133,-1
06134,-1
06135,-1
06136,-1
06137,-1
06138,-1
06139,-1
06140,-1
06141,-1
06142,-1
06143,-1
06144,-1
06145,-1
06146,-1
06147,-1
06148,-1
06149,-1
06150,-1
06151,-1
06152,-1
06153,-1
06154,-1
06155,-1
06156,-1
06157,-1
06158,-1
06159,-1
06160,-1
06161,-1
06162,-1
06163,-1
06164,-1
06165,-1
06166,-1
06167,-1
06168,-1
06169,-1
06170,-1
06171,-1
06172,-1
06173,-1
06174,-1
06175,-1
06176,-1
06177,-1
06178,-1
06179,-1
06180,-1
06181,-1
06182,-1
06183,-1
06184,-1
06185,-1
06186,-1
06187,-1
06188,-1
06189,-1
06190,-1
06191,-1
06192,-1
06193,-1
06194,-1
06195,-1
06196,-1
06197,-1
06198,-1
06199,-1
06200,-1
06201,-1
06202,-1
06203,-1
06204,-1
06205,-1
06206,-1
06207,-1
06208,-1
06209,-1
06210,-1
06211,-1
06212,-1
06213,-1
06214,-1
06215,-1
06216,-1
06217,-1
06218,-1
06219,-1
06220,-1
06221,-1
06222,-1
06223,-1
06224,-1
06225,-1
06226,-1
06227,-1
06228,-1
06229,-1
06230,-1
06231,-1
06232,-1
06233,-1
06234,-1
06235,-1
06236,-1
06237,-1
06238,-1
06239,-1
06240,-1
06241,-1
06242,-1
06243,-1
06244,-1
06245,-1
06246,-1
06247,-1
06248,-1
06249,-1
06250,-1
06251,-1
06252,-1
06253,-1
06254,-1
06255,-1
06256,-1
06257,-1
06258,-1
06259,-1
06260,-1
06261,-1
06262,-1
06263,-1
06264,-1
06265,-1
06266,-1
06267,-1
06268,-1
06269,-1
06270,-1
06271,-1
06272,-1
06273,-1
06274,-1
06275,-1
06276,-1
06277,-1
06278,-1
06279,-1
06280,-1
06281,-1
06282,-1
06283,-1
06284,-1
06285,-1
06286,-1
06287,-1
06288,-1
06289,-1
06290,-1
06291,-1
06292,-1
06293,-1
06294,-1
06295,-1
06296,-1
06297,-1
06298,-1
06299,-1
06300,-1
06301,-1
06302,-1
06303,-1
06304,-1
06305,-1
06306,-1
06307,-1
06308,-1
06309,-1
06310,-1
06311,-1
06312,-1
06313,-1
06314,-1
06315,-1
06316,-1
06317,-1
06318,-1
06319,-1
06320,-1
06321,-1
06322,-1
06323,-1
06324,-1
06325,-1
06326,-1
06327,-1
06328,-1
06329,-1
06330,-1
06331,-1
06332,-1
06333,-1
06334,-1
06335,-1
06336,-1
06337,-1
06338,-1
06339,-1
06340,-1
06341,-1
06342,-1
06343,-1
06344,-1
06345,-1
06346,-1
06347,-1
06348,-1
06349,-1
06350,-1
06351,-1
06352,-1
06353,-1
06354,-1
06355,-1
06356,-1
06357,-1
06358,-1
06359,-1
06360,-1
06361,-1
06362,-1
06363,-1
06364,-1
06365,-1
06366,-1
06367,-1
06368,-1
06369,-1
06370,-1
06371,-1
06372,-1
06373,-1
06374,-1
06375,-1
06376,-1
06377,-1
06378,-1
06379,-1
06380,-1
06381,-1
06382,-1
06383,-1
06384,-1
06385,-1
06386,-1
06387,-1
06388,-1
06389,-1
06390,-1
06391,-1
06392,-1
06393,-1
06394,-1
06395,-1
06396,-1
06397,-1
06398,-1
06399,-1
06400,-1
06401,-1
06402,-1
06403,-1
06404,-1
06405,-1
06406,-1
06407,-1
06408,-1
06409,-1
06410,-1
06411,-1
06412,-1
06413,-1
06414,-1
06415,-1
06416,-1
06417,-1
06418,-1
06419,-1
06420,-1
06421,-1
06422,-1
06423,-1
06424,-1
06425,-1
06426,-1
06427,-1
06428,-1
06429,-1
06430,-1
06431,-1
06432,-1
06433,-1
06434,-1
06435,-1
06436,-1
06437,-1
06438,-1
06439,-1
06440,-1
06441,-1
06442,-1
06443,-1
06444,-1
06445,-1
06446,-1
06447,-1
06448,-1
06449,-1
06450,-1
06451,-1
06452,-1
06453,-1
06454,-1
06455,-1
06456,-1
06457,-1
06458,-1
06459,-1
06460,-1
06461,-1
06462,-1
06463,-1
06464,-1
06465,-1
06466,-1
06467,-1
06468,-1
06469,-1
06470,-1
06471,-1
06472,-1
06473,-1
06474,-1
06475,-1
06476,-1
06477,-1
06478,-1
06479,-1
06480,-1
06481,-1
06482,-1
06483,-1
06484,-1
06485,-1
06486,-1
06487,-1
06488,-1
06489,-1
06490,-1
06491,-1
06492,-1
06493,-1
06494,-1
06495,-1
06496,-1
06497,-1
06498,-1
06499,-1
06500,-1
06501,-1
06502,-1
06503,-1
06504,-1
06505,-1
06506,-1
06507,-1
06508,-1
06509,-1
06510,-1
06511,-1
06512,-1
06513,-1
06514,-1
06515,-1
06516,-1
06517,-1
06518,-1
06519,-1
06520,-1
06521,-1
06522,-1
06523,-1
06524,-1
06525,-1
06526,-1
06527,-1
06528,-1
06529,-1
06530,-1
06531,-1
06532,-1
06533,-1
06534,-1
06535,-1
06536,-1
06537,-1
06538,-1
06539,-1
06540,-1
06541,-1
06542,-1
06543,-1
06544,-1
06545,-1
06546,-1
06547,-1
06548,-1
06549,-1
06550,-1
06551,-1
06552,-1
06553,-1
06554,-1
06555,-1
06556,-1
06557,-1
06558,-1
06559,-1
06560,-1
06561,-1
06562,-1
06563,-1
06564,-1
06565,-1
06566,-1
06567,-1
06568,-1
06569,-1
06570,-1
06571,-1
06572,-1
06573,-1
06574,-1
06575,-1
06576,-1
06577,-1
06578,-1
06579,-1
06580,-1
06581,-1
06582,-1
06583,-1
06584,-1
06585,-1
06586,-1
06587,-1
06588,-1
06589,-1
06590,-1
06591,-1
06592,-1
06593,-1
06594,-1
06595,-1
06596,-1
06597,-1
06598,-1
06599,-1
06600,-1
06601,-1
06602,-1
06603,-1
06604,-1
06605,-1
06606,-1
06607,-1
06608,-1
06609,-1
06610,-1
06611,-1
06612,-1
06613,-1
06614,-1
06615,-1
06616,-1
06617,-1
06618,-1
06619,-1
06620,-1
06621,-1
06622,-1
06623,-1
06624,-1
06625,-1
06626,-1
06627,-1
06628,-1
06629,-1
06630,-1
06631,-1
06632,-1
06633,-1
06634,-1
06635,-1
06636,-1
06637,-1
06638,-1
06639,-1
06640,-1
06641,-1
06642,-1
06643,-1
06644,-1
06645,-1
06646,-1
06647,-1
06648,-1
06649,-1
06650,-1
06651,-1
06652,-1
06653,-1
06654,-1
06655,-1
06656,-1
06657,-1
06658,-1
06659,-1
06660,-1
06661,-1
06662,-1
06663,-1
06664,-1
06665,-1
06666,-1
06667,-1
06668,-1
06669,-1
06670,-1
06671,-1
06672,-1
06673,-1
06674,-1
06675,-1
06676,-1
06677,-1
06678,-1
06679,-1
06680,-1
06681,-1
06682,-1
06683,-1
06684,-1
06685,-1
06686,-1
06687,-1
06688,-1
06689,-1
06690,-1
06691,-1
06692,-1
06693,-1
06694,-1
06695,-1
06696,-1
06697,-1
06698,-1
06699,-1
06700,-1
06701,-1
06702,-1
06703,-1
06704,-1
06705,-1
06706,-1
06707,-1
06708,-1
06709,-1
06710,-1
06711,-1
06712,-1
06713,-1
06714,-1
06715,-1
06716,-1
06717,-1
06718,-1
06719,-1
06720,-1
06721,-1
06722,-1
06723,-1
06724,-1
06725,-1
06726,-1
06727,-1
06728,-1
06729,-1
06730,-1
06731,-1
06732,-1
06733,-1
06734,-1
06735,-1
06736,-1
06737,-1
06738,-1
06739,-1
06740,-1
06741,-1
06742,-1
06743,-1
06744,-1
06745,-1
06746,-1
06747,-1
06748,-1
06749,-1
06750,-1
06751,-1
06752,-1
06753,-1
06754,-1
06755,-1
06756,-1
06757,-1
06758,-1
06759,-1
06760,-1
06761,-1
06762,-1
06763,-1
06764,-1
06765,-1
06766,-1
06767,-1
06768,-1
06769,-1
06770,-1
06771,-1
06772,-1
06773,-1
06774,-1
06775,-1
06776,-1
06777,-1
06778,-1
06779,-1
06780,-1
06781,-1
06782,-1
06783,-1
06784,-1
06785,-1
06786,-1
06787,-1
06788,-1
06789,-1
06790,-1
06791,-1
06792,-1
06793,-1
06794,-1
06795,-1
06796,-1
06797,-1
06798,-1
06799,-1
06800,-1
06801,-1
06802,-1
06803,-1
06804,-1
06805,-1
06806,-1
06807,-1
06808,-1
06809,-1
06810,-1
06811,-1
06812,-1
06813,-1
06814,-1
06815,-1
06816,-1
06817,-1
06818,-1
06819,-1
06820,-1
06821,-1
06822,-1
06823,-1
06824,-1
06825,-1
06826,-1
06827,-1
06828,-1
06829,-1
06830,-1
06831,-1
06832,-1
06833,-1
06834,-1
06835,-1
06836,-1
06837,-1
06838,-1
06839,-1
06840,-1
06841,-1
06842,-1
06843,-1
06844,-1
06845,-1
06846,-1
06847,-1
06848,-1
06849,-1
06850,-1
06851,-1
06852,-1
06853,-1
06854,-1
06855,-1
06856,-1
06857,-1
06858,-1
06859,-1
06860,-1
06861,-1
06862,-1
06863,-1
06864,-1
06865,-1
06866,-1
06867,-1
06868,-1
06869,-1
06870,-1
06871,-1
06872,-1
06873,-1
06874,-1
06875,-1
06876,-1
06877,-1
06878,-1
06879,-1
06880,-1
06881,-1
06882,-1
06883,-1
06884,-1
06885,-1
06886,-1
06887,-1
06888,-1
06889,-1
06890,-1
06891,-1
06892,-1
06893,-1
06894,-1
06895,-1
06896,-1
06897,-1
06898,-1
06899,-1
06900,-1
06901,-1
06902,-1
06903,-1
06904,-1
06905,-1
06906,-1
06907,-1
06908,-1
06909,-1
06910,-1
06911,-1
06912,-1
06913,-1
06914,-1
06915,-1
06916,-1
06917,-1
06918,-1
06919,-1
06920,-1
06921,-1
06922,-1
06923,-1
06924,-1
06925,-1
06926,-1
06927,-1
06928,-1
06929,-1
06930,-1
06931,-1
06932,-1
06933,-1
06934,-1
06935,-1
06936,-1
06937,-1
06938,-1
06939,-1
06940,-1
06941,-1
06942,-1
06943,-1
06944,-1
06945,-1
06946,-1
06947,-1
06948,-1
06949,-1
06950,-1
06951,-1
06952,-1
06953,-1
06954,-1
06955,-1
06956,-1
06957,-1
06958,-1
06959,-1
06960,-1
06961,-1
06962,-1
06963,-1
06964,-1
06965,-1
06966,-1
06967,-1
06968,-1
06969,-1
06970,-1
06971,-1
06972,-1
06973,-1
06974,-1
06975,-1
06976,-1
06977,-1
06978,-1
06979,-1
06980,-1
06981,-1
06982,-1
06983,-1
06984,-1
06985,-1
06986,-1
06987,-1
06988,-1
06989,-1
06990,-1
06991,-1
06992,-1
06993,-1
06994,-1
06995,-1
06996,-1
06997,-1
06998,-1
06999,-1
07000,-1
07001,-1
07002,-1
07003,-1
07004,-1
07005,-1
07006,-1
07007,-1
07008,-1
07009,-1
07010,-1
07011,-1
07012,-1
07013,-1
07014,-1
07015,-1
07016,-1
07017,-1
07018,-1
07019,-1
07020,-1
07021,-1
07022,-1
07023,-1
07024,-1
07025,-1
07026,-1
07027,-1
07028,-1
07029,-1
07030,-1
07031,-1
07032,-1
07033,-1
07034,-1
07035,-1
07036,-1
07037,-1
07038,-1
07039,-1
07040,-1
07041,-1
07042,-1
07043,-1
07044,-1
07045,-1
07046,-1
07047,-1
07048,-1
07049,-1
07050,-1
07051,-1
07052,-1
07053,-1
07054,-1
07055,-1
07056,-1
07057,-1
07058,-1
07059,-1
07060,-1
07061,-1
07062,-1
07063,-1
07064,-1
07065,-1
07066,-1
07067,-1
07068,-1
07069,-1
07070,-1
07071,-1
07072,-1
07073,-1
07074,-1
07075,-1
07076,-1
07077,-1
07078,-1
07079,-1
07080,-1
07081,-1
07082,-1
07083,-1
07084,-1
07085,-1
07086,-1
07087,-1
07088,-1
07089,-1
07090,-1
07091,-1
07092,-1
07093,-1
07094,-1
07095,-1
07096,-1
07097,-1
07098,-1
07099,-1
07100,-1
07101,-1
07102,-1
07103,-1
07104,-1
07105,-1
07106,-1
07107,-1
07108,-1
07109,-1
07110,-1
07111,-1
07112,-1
07113,-1
07114,-1
07115,-1
07116,-1
07117,-1
07118,-1
07119,-1
07120,-1
07121,-1
07122,-1
07123,-1
07124,-1
07125,-1
07126,-1
07127,-1
07128,-1
07129,-1
07130,-1
07131,-1
07132,-1
07133,-1
07134,-1
07135,-1
07136,-1
07137,-1
07138,-1
07139,-1
07140,-1
07141,-1
07142,-1
07143,-1
07144,-1
07145,-1
07146,-1
07147,-1
07148,-1
07149,-1
07150,-1
07151,-1
07152,-1
07153,-1
07154,-1
07155,-1
07156,-1
07157,-1
07158,-1
07159,-1
07160,-1
07161,-1
07162,-1
07163,-1
07164,-1
07165,-1
07166,-1
07167,-1
07168,-1
07169,-1
07170,-1
07171,-1
07172,-1
07173,-1
07174,-1
07175,-1
07176,-1
07177,-1
07178,-1
07179,-1
07180,-1
07181,-1
07182,-1
07183,-1
07184,-1
07185,-1
07186,-1
07187,-1
07188,-1
07189,-1
07190,-1
07191,-1
07192,-1
07193,-1
07194,-1
07195,-1
07196,-1
07197,-1
07198,-1
07199,-1
07200,-1
07201,-1
07202,-1
07203,-1
07204,-1
07205,-1
07206,-1
07207,-1
07208,-1
07209,-1
07210,-1
07211,-1
07212,-1
07213,-1
07214,-1
07215,-1
07216,-1
07217,-1
07218,-1
07219,-1
07220,-1
07221,-1
07222,-1
07223,-1
07224,-1
07225,-1
07226,-1
07227,-1
07228,-1
07229,-1
07230,-1
07231,-1
07232,-1
07233,-1
07234,-1
07235,-1
07236,-1
07237,-1
07238,-1
07239,-1
07240,-1
07241,-1
07242,-1
07243,-1
07244,-1
07245,-1
07246,-1
07247,-1
07248,-1
07249,-1
07250,-1
07251,-1
07252,-1
07253,-1
07254,-1
07255,-1
07256,-1
07257,-1
07258,-1
07259,-1
07260,-1
07261,-1
07262,-1
07263,-1
07264,-1
07265,-1
07266,-1
07267,-1
07268,-1
07269,-1
07270,-1
07271,-1
07272,-1
07273,-1
07274,-1
07275,-1
07276,-1
07277,-1
07278,-1
07279,-1
07280,-1
07281,-1
07282,-1
07283,-1
07284,-1
07285,-1
07286,-1
07287,-1
07288,-1
07289,-1
07290,-1
07291,-1
07292,-1
07293,-1
07294,-1
07295,-1
07296,-1
07297,-1
07298,-1
07299,-1
07300,-1
07301,-1
07302,-1
07303,-1
07304,-1
07305,-1
07306,-1
07307,-1
07308,-1
07309,-1
07310,-1
07311,-1
07312,-1
07313,-1
07314,-1
07315,-1
07316,-1
07317,-1
07318,-1
07319,-1
07320,-1
07321,-1
07322,-1
07323,-1
07324,-1
07325,-1
07326,-1
07327,-1
07328,-1
07329,-1
07330,-1
07331,-1
07332,-1
07333,-1
07334,-1
07335,-1
07336,-1
07337,-1
07338,-1
07339,-1
07340,-1
07341,-1
07342,-1
07343,-1
07344,-1
07345,-1
07346,-1
07347,-1
07348,-1
07349,-1
07350,-1
07351,-1
07352,-1
07353,-1
07354,-1
07355,-1
07356,-1
07357,-1
07358,-1
07359,-1
07360,-1
07361,-1
07362,-1
07363,-1
07364,-1
07365,-1
07366,-1
07367,-1
07368,-1
07369,-1
07370,-1
07371,-1
07372,-1
07373,-1
07374,-1
07375,-1
07376,-1
07377,-1
07378,-1
07379,-1
07380,-1
07381,-1
07382,-1
07383,-1
07384,-1
07385,-1
07386,-1
07387,-1
07388,-1
07389,-1
07390,-1
07391,-1
07392,-1
07393,-1
07394,-1
07395,-1
07396,-1
07397,-1
07398,-1
07399,-1
07400,-1
07401,-1
07402,-1
07403,-1
07404,-1
07405,-1
07406,-1
07407,-1
07408,-1
07409,-1
07410,-1
07411,-1
07412,-1
07413,-1
07414,-1
07415,-1
07416,-1
07417,-1
07418,-1
07419,-1
07420,-1
07421,-1
07422,-1
07423,-1
07424,-1
07425,-1
07426,-1
07427,-1
07428,-1
07429,-1
07430,-1
07431,-1
07432,-1
07433,-1
07434,-1
07435,-1
07436,-1
07437,-1
07438,-1
07439,-1
07440,-1
07441,-1
07442,-1
07443,-1
07444,-1
07445,-1
07446,-1
07447,-1
07448,-1
07449,-1
07450,-1
07451,-1
07452,-1
07453,-1
07454,-1
07455,-1
07456,-1
07457,-1
07458,-1
07459,-1
07460,-1
07461,-1
07462,-1
07463,-1
07464,-1
07465,-1
07466,-1
07467,-1
07468,-1
07469,-1
07470,-1
07471,-1
07472,-1
07473,-1
07474,-1
07475,-1
07476,-1
07477,-1
07478,-1
07479,-1
07480,-1
07481,-1
07482,-1
07483,-1
07484,-1
07485,-1
07486,-1
07487,-1
07488,-1
07489,-1
07490,-1
07491,-1
07492,-1
07493,-1
07494,-1
07495,-1
07496,-1
07497,-1
07498,-1
07499,-1
07500,-1
07501,-1
07502,-1
07503,-1
07504,-1
07505,-1
07506,-1
07507,-1
07508,-1
07509,-1
07510,-1
07511,-1
07512,-1
07513,-1
07514,-1
07515,-1
07516,-1
07517,-1
07518,-1
07519,-1
07520,-1
07521,-1
07522,-1
07523,-1
07524,-1
07525,-1
07526,-1
07527,-1
07528,-1
07529,-1
07530,-1
07531,-1
07532,-1
07533,-1
07534,-1
07535,-1
07536,-1
07537,-1
07538,-1
07539,-1
07540,-1
07541,-1
07542,-1
07543,-1
07544,-1
07545,-1
07546,-1
07547,-1
07548,-1
07549,-1
07550,-1
07551,-1
07552,-1
07553,-1
07554,-1
07555,-1
07556,-1
07557,-1
07558,-1
07559,-1
07560,-1
07561,-1
07562,-1
07563,-1
07564,-1
07565,-1
07566,-1
07567,-1
07568,-1
07569,-1
07570,-1
07571,-1
07572,-1
07573,-1
07574,-1
07575,-1
07576,-1
07577,-1
07578,-1
07579,-1
07580,-1
07581,-1
07582,-1
07583,-1
07584,-1
07585,-1
07586,-1
07587,-1
07588,-1
07589,-1
07590,-1
07591,-1
07592,-1
07593,-1
07594,-1
07595,-1
07596,-1
07597,-1
07598,-1
07599,-1
07600,-1
07601,-1
07602,-1
07603,-1
07604,-1
07605,-1
07606,-1
07607,-1
07608,-1
07609,-1
07610,-1
07611,-1
07612,-1
07613,-1
07614,-1
07615,-1
07616,-1
07617,-1
07618,-1
07619,-1
07620,-1
07621,-1
07622,-1
07623,-1
07624,-1
07625,-1
07626,-1
07627,-1
07628,-1
07629,-1
07630,-1
07631,-1
07632,-1
07633,-1
07634,-1
07635,-1
07636,-1
07637,-1
07638,-1
07639,-1
07640,-1
07641,-1
07642,-1
07643,-1
07644,-1
07645,-1
07646,-1
07647,-1
07648,-1
07649,-1
07650,-1
07651,-1
07652,-1
07653,-1
07654,-1
07655,-1
07656,-1
07657,-1
07658,-1
07659,-1
07660,-1
07661,-1
07662,-1
07663,-1
07664,-1
07665,-1
07666,-1
07667,-1
07668,-1
07669,-1
07670,-1
07671,-1
07672,-1
07673,-1
07674,-1
07675,-1
07676,-1
07677,-1
07678,-1
07679,-1
07680,-1
07681,-1
07682,-1
07683,-1
07684,-1
07685,-1
07686,-1
07687,-1
07688,-1
07689,-1
07690,-1
07691,-1
07692,-1
07693,-1
07694,-1
07695,-1
07696,-1
07697,-1
07698,-1
07699,-1
07700,-1
07701,-1
07702,-1
07703,-1
07704,-1
07705,-1
07706,-1
07707,-1
07708,-1
07709,-1
07710,-1
07711,-1
07712,-1
07713,-1
07714,-1
07715,-1
07716,-1
07717,-1
07718,-1
07719,-1
07720,-1
07721,-1
07722,-1
07723,-1
07724,-1
07725,-1
07726,-1
07727,-1
07728,-1
07729,-1
07730,-1
07731,-1
07732,-1
07733,-1
07734,-1
07735,-1
07736,-1
07737,-1
07738,-1
07739,-1
07740,-1
07741,-1
07742,-1
07743,-1
07744,-1
07745,-1
07746,-1
07747,-1
07748,-1
07749,-1
07750,-1
07751,-1
07752,-1
07753,-1
07754,-1
07755,-1
07756,-1
07757,-1
07758,-1
07759,-1
07760,-1
07761,-1
07762,-1
07763,-1
07764,-1
07765,-1
07766,-1
07767,-1
07768,-1
07769,-1
07770,-1
07771,-1
07772,-1
07773,-1
07774,-1
07775,-1
07776,-1
07777,-1
07778,-1
07779,-1
07780,-1
07781,-1
07782,-1
07783,-1
07784,-1
07785,-1
07786,-1
07787,-1
07788,-1
07789,-1
07790,-1
07791,-1
07792,-1
07793,-1
07794,-1
07795,-1
07796,-1
07797,-1
07798,-1
07799,-1
07800,-1
07801,-1
07802,-1
07803,-1
07804,-1
07805,-1
07806,-1
07807,-1
07808,-1
07809,-1
07810,-1
07811,-1
07812,-1
07813,-1
07814,-1
07815,-1
07816,-1
07817,-1
07818,-1
07819,-1
07820,-1
07821,-1
07822,-1
07823,-1
07824,-1
07825,-1
07826,-1
07827,-1
07828,-1
07829,-1
07830,-1
07831,-1
07832,-1
07833,-1
07834,-1
07835,-1
07836,-1
07837,-1
07838,-1
07839,-1
07840,-1
07841,-1
07842,-1
07843,-1
07844,-1
07845,-1
07846,-1
07847,-1
07848,-1
07849,-1
07850,-1
07851,-1
07852,-1
07853,-1
07854,-1
07855,-1
07856,-1
07857,-1
07858,-1
07859,-1
07860,-1
07861,-1
07862,-1
07863,-1
07864,-1
07865,-1
07866,-1
07867,-1
07868,-1
07869,-1
07870,-1
07871,-1
07872,-1
07873,-1
07874,-1
07875,-1
07876,-1
07877,-1
07878,-1
07879,-1
07880,-1
07881,-1
07882,-1
07883,-1
07884,-1
07885,-1
07886,-1
07887,-1
07888,-1
07889,-1
07890,-1
07891,-1
07892,-1
07893,-1
07894,-1
07895,-1
07896,-1
07897,-1
07898,-1
07899,-1
07900,-1
07901,-1
07902,-1
07903,-1
07904,-1
07905,-1
07906,-1
07907,-1
07908,-1
07909,-1
07910,-1
07911,-1
07912,-1
07913,-1
07914,-1
07915,-1
07916,-1
07917,-1
07918,-1
07919,-1
07920,-1
07921,-1
07922,-1
07923,-1
07924,-1
07925,-1
07926,-1
07927,-1
07928,-1
07929,-1
07930,-1
07931,-1
07932,-1
07933,-1
07934,-1
07935,-1
07936,-1
07937,-1
07938,-1
07939,-1
07940,-1
07941,-1
07942,-1
07943,-1
07944,-1
07945,-1
07946,-1
07947,-1
07948,-1
07949,-1
07950,-1
07951,-1
07952,-1
07953,-1
07954,-1
07955,-1
07956,-1
07957,-1
07958,-1
07959,-1
07960,-1
07961,-1
07962,-1
07963,-1
07964,-1
07965,-1
07966,-1
07967,-1
07968,-1
07969,-1
07970,-1
07971,-1
07972,-1
07973,-1
07974,-1
07975,-1
07976,-1
07977,-1
07978,-1
07979,-1
07980,-1
07981,-1
07982,-1
07983,-1
07984,-1
07985,-1
07986,-1
07987,-1
07988,-1
07989,-1
07990,-1
07991,-1
07992,-1
07993,-1
07994,-1
07995,-1
07996,-1
07997,-1
07998,-1
07999,-1
08000,-1
08001,-1
08002,-1
08003,-1
08004,-1
08005,-1
08006,-1
08007,-1
08008,-1
08009,-1
08010,-1
08011,-1
08012,-1
08013,-1
08014,-1
08015,-1
08016,-1
08017,-1
08018,-1
08019,-1
08020,-1
08021,-1
08022,-1
08023,-1
08024,-1
08025,-1
08026,-1
08027,-1
08028,-1
08029,-1
08030,-1
08031,-1
08032,-1
08033,-1
08034,-1
08035,-1
08036,-1
08037,-1
08038,-1
08039,-1
08040,-1
08041,-1
08042,-1
08043,-1
08044,-1
08045,-1
08046,-1
08047,-1
08048,-1
08049,-1
08050,-1
08051,-1
08052,-1
08053,-1
08054,-1
08055,-1
08056,-1
08057,-1
08058,-1
08059,-1
08060,-1
08061,-1
08062,-1
08063,-1
08064,-1
08065,-1
08066,-1
08067,-1
08068,-1
08069,-1
08070,-1
08071,-1
08072,-1
08073,-1
08074,-1
08075,-1
08076,-1
08077,-1
08078,-1
08079,-1
08080,-1
08081,-1
08082,-1
08083,-1
08084,-1
08085,-1
08086,-1
08087,-1
08088,-1
08089,-1
08090,-1
08091,-1
08092,-1
08093,-1
08094,-1
08095,-1
08096,-1
08097,-1
08098,-1
08099,-1
08100,-1
08101,-1
08102,-1
08103,-1
08104,-1
08105,-1
08106,-1
08107,-1
08108,-1
08109,-1
08110,-1
08111,-1
08112,-1
08113,-1
08114,-1
08115,-1
08116,-1
08117,-1
08118,-1
08119,-1
08120,-1
08121,-1
08122,-1
08123,-1
08124,-1
08125,-1
08126,-1
08127,-1
08128,-1
08129,-1
08130,-1
08131,-1
08132,-1
08133,-1
08134,-1
08135,-1
08136,-1
08137,-1
08138,-1
08139,-1
08140,-1
08141,-1
08142,-1
08143,-1
08144,-1
08145,-1
08146,-1
08147,-1
08148,-1
08149,-1
08150,-1
08151,-1
08152,-1
08153,-1
08154,-1
08155,-1
08156,-1
08157,-1
08158,-1
08159,-1
08160,-1
08161,-1
08162,-1
08163,-1
08164,-1
08165,-1
08166,-1
08167,-1
08168,-1
08169,-1
08170,-1
08171,-1
08172,-1
08173,-1
08174,-1
08175,-1
08176,-1
08177,-1
08178,-1
08179,-1
08180,-1
08181,-1
08182,-1
08183,-1
08184,-1
08185,-1
08186,-1
08187,-1
08188,-1
08189,-1
08190,-1
08191,-1
08192,-1
08193,-1
08194,-1
08195,-1
08196,-1
08197,-1
08198,-1
08199,-1
08200,-1
08201,-1
08202,-1
08203,-1
08204,-1
08205,-1
08206,-1
08207,-1
08208,-1
08209,-1
08210,-1
08211,-1
08212,-1
08213,-1
08214,-1
08215,-1
08216,-1
08217,-1
08218,-1
08219,-1
08220,-1
08221,-1
08222,-1
08223,-1
08224,-1
08225,-1
08226,-1
08227,-1
08228,-1
08229,-1
08230,-1
08231,-1
08232,-1
08233,-1
08234,-1
08235,-1
08236,-1
08237,-1
08238,-1
08239,-1
08240,-1
08241,-1
08242,-1
08243,-1
08244,-1
08245,-1
08246,-1
08247,-1
08248,-1
08249,-1
08250,-1
08251,-1
08252,-1
08253,-1
08254,-1
08255,-1
08256,-1
08257,-1
08258,-1
08259,-1
08260,-1
08261,-1
08262,-1
08263,-1
08264,-1
08265,-1
08266,-1
08267,-1
08268,-1
08269,-1
08270,-1
08271,-1
08272,-1
08273,-1
08274,-1
08275,-1
08276,-1
08277,-1
08278,-1
08279,-1
08280,-1
08281,-1
08282,-1
08283,-1
08284,-1
08285,-1
08286,-1
08287,-1
08288,-1
08289,-1
08290,-1
08291,-1
08292,-1
08293,-1
08294,-1
08295,-1
08296,-1
08297,-1
08298,-1
08299,-1
08300,-1
08301,-1
08302,-1
08303,-1
08304,-1
08305,-1
08306,-1
08307,-1
08308,-1
08309,-1
08310,-1
08311,-1
08312,-1
08313,-1
08314,-1
08315,-1
08316,-1
08317,-1
08318,-1
08319,-1
08320,-1
08321,-1
08322,-1
08323,-1
08324,-1
08325,-1
08326,-1
08327,-1
08328,-1
08329,-1
08330,-1
08331,-1
08332,-1
08333,-1
08334,-1
08335,-1
08336,-1
08337,-1
08338,-1
08339,-1
08340,-1
08341,-1
08342,-1
08343,-1
08344,-1
08345,-1
08346,-1
08347,-1
08348,-1
08349,-1
08350,-1
08351,-1
08352,-1
08353,-1
08354,-1
08355,-1
08356,-1
08357,-1
08358,-1
08359,-1
08360,-1
08361,-1
08362,-1
08363,-1
08364,-1
08365,-1
08366,-1
08367,-1
08368,-1
08369,-1
08370,-1
08371,-1
08372,-1
08373,-1
08374,-1
08375,-1
08376,-1
08377,-1
08378,-1
08379,-1
08380,-1
08381,-1
08382,-1
08383,-1
08384,-1
08385,-1
08386,-1
08387,-1
08388,-1
08389,-1
08390,-1
08391,-1
08392,-1
08393,-1
08394,-1
08395,-1
08396,-1
08397,-1
08398,-1
08399,-1
08400,-1
08401,-1
08402,-1
08403,-1
08404,-1
08405,-1
08406,-1
08407,-1
08408,-1
08409,-1
08410,-1
08411,-1
08412,-1
08413,-1
08414,-1
08415,-1
08416,-1
08417,-1
08418,-1
08419,-1
08420,-1
08421,-1
08422,-1
08423,-1
08424,-1
08425,-1
08426,-1
08427,-1
08428,-1
08429,-1
08430,-1
08431,-1
08432,-1
08433,-1
08434,-1
08435,-1
08436,-1
08437,-1
08438,-1
08439,-1
08440,-1
08441,-1
08442,-1
08443,-1
08444,-1
08445,-1
08446,-1
08447,-1
08448,-1
08449,-1
08450,-1
08451,-1
08452,-1
08453,-1
08454,-1
08455,-1
08456,-1
08457,-1
08458,-1
08459,-1
08460,-1
08461,-1
08462,-1
08463,-1
08464,-1
08465,-1
08466,-1
08467,-1
08468,-1
08469,-1
08470,-1
08471,-1
08472,-1
08473,-1
08474,-1
08475,-1
08476,-1
08477,-1
08478,-1
08479,-1
08480,-1
08481,-1
08482,-1
08483,-1
08484,-1
08485,-1
08486,-1
08487,-1
08488,-1
08489,-1
08490,-1
08491,-1
08492,-1
08493,-1
08494,-1
08495,-1
08496,-1
08497,-1
08498,-1
08499,-1
08500,-1
08501,-1
08502,-1
08503,-1
08504,-1
08505,-1
08506,-1
08507,-1
08508,-1
08509,-1
08510,-1
08511,-1
08512,-1
08513,-1
08514,-1
08515,-1
08516,-1
08517,-1
08518,-1
08519,-1
08520,-1
08521,-1
08522,-1
08523,-1
08524,-1
08525,-1
08526,-1
08527,-1
08528,-1
08529,-1
08530,-1
08531,-1
08532,-1
08533,-1
08534,-1
08535,-1
08536,-1
08537,-1
08538,-1
08539,-1
08540,-1
08541,-1
08542,-1
08543,-1
08544,-1
08545,-1
08546,-1
08547,-1
08548,-1
08549,-1
08550,-1
08551,-1
08552,-1
08553,-1
08554,-1
08555,-1
08556,-1
08557,-1
08558,-1
08559,-1
08560,-1
08561,-1
08562,-1
08563,-1
08564,-1
08565,-1
08566,-1
08567,-1
08568,-1
08569,-1
08570,-1
08571,-1
08572,-1
08573,-1
08574,-1
08575,-1
08576,-1
08577,-1
08578,-1
08579,-1
08580,-1
08581,-1
08582,-1
08583,-1
08584,-1
08585,-1
08586,-1
08587,-1
08588,-1
08589,-1
08590,-1
08591,-1
08592,-1
08593,-1
08594,-1
08595,-1
08596,-1
08597,-1
08598,-1
08599,-1
08600,-1
08601,-1
08602,-1
08603,-1
08604,-1
08605,-1
08606,-1
08607,-1
08608,-1
08609,-1
08610,-1
08611,-1
08612,-1
08613,-1
08614,-1
08615,-1
08616,-1
08617,-1
08618,-1
08619,-1
08620,-1
08621,-1
08622,-1
08623,-1
08624,-1
08625,-1
08626,-1
08627,-1
08628,-1
08629,-1
08630,-1
08631,-1
08632,-1
08633,-1
08634,-1
08635,-1
08636,-1
08637,-1
08638,-1
08639,-1
08640,-1
08641,-1
08642,-1
08643,-1
08644,-1
08645,-1
08646,-1
08647,-1
08648,-1
08649,-1
08650,-1
08651,-1
08652,-1
08653,-1
08654,-1
08655,-1
08656,-1
08657,-1
08658,-1
08659,-1
08660,-1
08661,-1
08662,-1
08663,-1
08664,-1
08665,-1
08666,-1
08667,-1
08668,-1
08669,-1
08670,-1
08671,-1
08672,-1
08673,-1
08674,-1
08675,-1
08676,-1
08677,-1
08678,-1
08679,-1
08680,-1
08681,-1
08682,-1
08683,-1
08684,-1
08685,-1
08686,-1
08687,-1
08688,-1
08689,-1
08690,-1
08691,-1
08692,-1
08693,-1
08694,-1
08695,-1
08696,-1
08697,-1
08698,-1
08699,-1
08700,-1
08701,-1
08702,-1
08703,-1
08704,-1
08705,-1
08706,-1
08707,-1
08708,-1
08709,-1
08710,-1
08711,-1
08712,-1
08713,-1
08714,-1
08715,-1
08716,-1
08717,-1
08718,-1
08719,-1
08720,-1
08721,-1
08722,-1
08723,-1
08724,-1
08725,-1
08726,-1
08727,-1
08728,-1
08729,-1
08730,-1
08731,-1
08732,-1
08733,-1
08734,-1
08735,-1
08736,-1
08737,-1
08738,-1
08739,-1
08740,-1
08741,-1
08742,-1
08743,-1
08744,-1
08745,-1
08746,-1
08747,-1
08748,-1
08749,-1
08750,-1
08751,-1
08752,-1
08753,-1
08754,-1
08755,-1
08756,-1
08757,-1
08758,-1
08759,-1
08760,-1
08761,-1
08762,-1
08763,-1
08764,-1
08765,-1
08766,-1
08767,-1
08768,-1
08769,-1
08770,-1
08771,-1
08772,-1
08773,-1
08774,-1
08775,-1
08776,-1
08777,-1
08778,-1
08779,-1
08780,-1
08781,-1
08782,-1
08783,-1
08784,-1
08785,-1
08786,-1
08787,-1
08788,-1
08789,-1
08790,-1
08791,-1
08792,-1
08793,-1
08794,-1
08795,-1
08796,-1
08797,-1
08798,-1
08799,-1
08800,-1
08801,-1
08802,-1
08803,-1
08804,-1
08805,-1
08806,-1
08807,-1
08808,-1
08809,-1
08810,-1
08811,-1
08812,-1
08813,-1
08814,-1
08815,-1
08816,-1
08817,-1
08818,-1
08819,-1
08820,-1
08821,-1
08822,-1
08823,-1
08824,-1
08825,-1
08826,-1
08827,-1
08828,-1
08829,-1
08830,-1
08831,-1
08832,-1
08833,-1
08834,-1
08835,-1
08836,-1
08837,-1
08838,-1
08839,-1
08840,-1
08841,-1
08842,-1
08843,-1
08844,-1
08845,-1
08846,-1
08847,-1
08848,-1
08849,-1
08850,-1
08851,-1
08852,-1
08853,-1
08854,-1
08855,-1
08856,-1
08857,-1
08858,-1
08859,-1
08860,-1
08861,-1
08862,-1
08863,-1
08864,-1
08865,-1
08866,-1
08867,-1
08868,-1
08869,-1
08870,-1
08871,-1
08872,-1
08873,-1
08874,-1
08875,-1
08876,-1
08877,-1
08878,-1
08879,-1
08880,-1
08881,-1
08882,-1
08883,-1
08884,-1
08885,-1
08886,-1
08887,-1
08888,-1
08889,-1
08890,-1
08891,-1
08892,-1
08893,-1
08894,-1
08895,-1
08896,-1
08897,-1
08898,-1
08899,-1
08900,-1
08901,-1
08902,-1
08903,-1
08904,-1
08905,-1
08906,-1
08907,-1
08908,-1
08909,-1
08910,-1
08911,-1
08912,-1
08913,-1
08914,-1
08915,-1
08916,-1
08917,-1
08918,-1
08919,-1
08920,-1
08921,-1
08922,-1
08923,-1
08924,-1
08925,-1
08926,-1
08927,-1
08928,-1
08929,-1
08930,-1
08931,-1
08932,-1
08933,-1
08934,-1
08935,-1
08936,-1
08937,-1
08938,-1
08939,-1
08940,-1
08941,-1
08942,-1
08943,-1
08944,-1
08945,-1
08946,-1
08947,-1
08948,-1
08949,-1
08950,-1
08951,-1
08952,-1
08953,-1
08954,-1
08955,-1
08956,-1
08957,-1
08958,-1
08959,-1
08960,-1
08961,-1
08962,-1
08963,-1
08964,-1
08965,-1
08966,-1
08967,-1
08968,-1
08969,-1
08970,-1
08971,-1
08972,-1
08973,-1
08974,-1
08975,-1
08976,-1
08977,-1
08978,-1
08979,-1
08980,-1
08981,-1
08982,-1
08983,-1
08984,-1
08985,-1
08986,-1
08987,-1
08988,-1
08989,-1
08990,-1
08991,-1
08992,-1
08993,-1
08994,-1
08995,-1
08996,-1
08997,-1
08998,-1
08999,-1
09000,-1
09001,-1
09002,-1
09003,-1
09004,-1
09005,-1
09006,-1
09007,-1
09008,-1
09009,-1
09010,-1
09011,-1
09012,-1
09013,-1
09014,-1
09015,-1
09016,-1
09017,-1
09018,-1
09019,-1
09020,-1
09021,-1
09022,-1
09023,-1
09024,-1
09025,-1
09026,-1
09027,-1
09028,-1
09029,-1
09030,-1
09031,-1
09032,-1
09033,-1
09034,-1
09035,-1
09036,-1
09037,-1
09038,-1
09039,-1
09040,-1
09041,-1
09042,-1
09043,-1
09044,-1
09045,-1
09046,-1
09047,-1
09048,-1
09049,-1
09050,-1
09051,-1
09052,-1
09053,-1
09054,-1
09055,-1
09056,-1
09057,-1
09058,-1
09059,-1
09060,-1
09061,-1
09062,-1
09063,-1
09064,-1
09065,-1
09066,-1
09067,-1
09068,-1
09069,-1
09070,-1
09071,-1
09072,-1
09073,-1
09074,-1
09075,-1
09076,-1
09077,-1
09078,-1
09079,-1
09080,-1
09081,-1
09082,-1
09083,-1
09084,-1
09085,-1
09086,-1
09087,-1
09088,-1
09089,-1
09090,-1
09091,-1
09092,-1
09093,-1
09094,-1
09095,-1
09096,-1
09097,-1
09098,-1
09099,-1
09100,-1
09101,-1
09102,-1
09103,-1
09104,-1
09105,-1
09106,-1
09107,-1
09108,-1
09109,-1
09110,-1
09111,-1
09112,-1
09113,-1
09114,-1
09115,-1
09116,-1
09117,-1
09118,-1
09119,-1
09120,-1
09121,-1
09122,-1
09123,-1
09124,-1
09125,-1
09126,-1
09127,-1
09128,-1
09129,-1
09130,-1
09131,-1
09132,-1
09133,-1
09134,-1
09135,-1
09136,-1
09137,-1
09138,-1
09139,-1
09140,-1
09141,-1
09142,-1
09143,-1
09144,-1
09145,-1
09146,-1
09147,-1
09148,-1
09149,-1
09150,-1
09151,-1
09152,-1
09153,-1
09154,-1
09155,-1
09156,-1
09157,-1
09158,-1
09159,-1
09160,-1
09161,-1
09162,-1
09163,-1
09164,-1
09165,-1
09166,-1
09167,-1
09168,-1
09169,-1
09170,-1
09171,-1
09172,-1
09173,-1
09174,-1
09175,-1
09176,-1
09177,-1
09178,-1
09179,-1
09180,-1
09181,-1
09182,-1
09183,-1
09184,-1
09185,-1
09186,-1
09187,-1
09188,-1
09189,-1
09190,-1
09191,-1
09192,-1
09193,-1
09194,-1
09195,-1
09196,-1
09197,-1
09198,-1
09199,-1
09200,-1
09201,-1
09202,-1
09203,-1
09204,-1
09205,-1
09206,-1
09207,-1
09208,-1
09209,-1
09210,-1
09211,-1
09212,-1
09213,-1
09214,-1
09215,-1
09216,-1
09217,-1
09218,-1
09219,-1
09220,-1
09221,-1
09222,-1
09223,-1
09224,-1
09225,-1
09226,-1
09227,-1
09228,-1
09229,-1
09230,-1
09231,-1
09232,-1
09233,-1
09234,-1
09235,-1
09236,-1
09237,-1
09238,-1
09239,-1
09240,-1
09241,-1
09242,-1
09243,-1
09244,-1
09245,-1
09246,-1
09247,-1
09248,-1
09249,-1
09250,-1
09251,-1
09252,-1
09253,-1
09254,-1
09255,-1
09256,-1
09257,-1
09258,-1
09259,-1
09260,-1
09261,-1
09262,-1
09263,-1
09264,-1
09265,-1
09266,-1
09267,-1
09268,-1
09269,-1
09270,-1
09271,-1
09272,-1
09273,-1
09274,-1
09275,-1
09276,-1
09277,-1
09278,-1
09279,-1
09280,-1
09281,-1
09282,-1
09283,-1
09284,-1
09285,-1
09286,-1
09287,-1
09288,-1
09289,-1
09290,-1
09291,-1
09292,-1
09293,-1
09294,-1
09295,-1
09296,-1
09297,-1
09298,-1
09299,-1
09300,-1
09301,-1
09302,-1
09303,-1
09304,-1
09305,-1
09306,-1
09307,-1
09308,-1
09309,-1
09310,-1
09311,-1
09312,-1
09313,-1
09314,-1
09315,-1
09316,-1
09317,-1
09318,-1
09319,-1
09320,-1
09321,-1
09322,-1
09323,-1
09324,-1
09325,-1
09326,-1
09327,-1
09328,-1
09329,-1
09330,-1
09331,-1
09332,-1
09333,-1
09334,-1
09335,-1
09336,-1
09337,-1
09338,-1
09339,-1
09340,-1
09341,-1
09342,-1
09343,-1
09344,-1
09345,-1
09346,-1
09347,-1
09348,-1
09349,-1
09350,-1
09351,-1
09352,-1
09353,-1
09354,-1
09355,-1
09356,-1
09357,-1
09358,-1
09359,-1
09360,-1
09361,-1
09362,-1
09363,-1
09364,-1
09365,-1
09366,-1
09367,-1
09368,-1
09369,-1
09370,-1
09371,-1
09372,-1
09373,-1
09374,-1
09375,-1
09376,-1
09377,-1
09378,-1
09379,-1
09380,-1
09381,-1
09382,-1
09383,-1
09384,-1
09385,-1
09386,-1
09387,-1
09388,-1
09389,-1
09390,-1
09391,-1
09392,-1
09393,-1
09394,-1
09395,-1
09396,-1
09397,-1
09398,-1
09399,-1
09400,-1
09401,-1
09402,-1
09403,-1
09404,-1
09405,-1
09406,-1
09407,-1
09408,-1
09409,-1
09410,-1
09411,-1
09412,-1
09413,-1
09414,-1
09415,-1
09416,-1
09417,-1
09418,-1
09419,-1
09420,-1
09421,-1
09422,-1
09423,-1
09424,-1
09425,-1
09426,-1
09427,-1
09428,-1
09429,-1
09430,-1
09431,-1
09432,-1
09433,-1
09434,-1
09435,-1
09436,-1
09437,-1
09438,-1
09439,-1
09440,-1
09441,-1
09442,-1
09443,-1
09444,-1
09445,-1
09446,-1
09447,-1
09448,-1
09449,-1
09450,-1
09451,-1
09452,-1
09453,-1
09454,-1
09455,-1
09456,-1
09457,-1
09458,-1
09459,-1
09460,-1
09461,-1
09462,-1
09463,-1
09464,-1
09465,-1
09466,-1
09467,-1
09468,-1
09469,-1
09470,-1
09471,-1
09472,-1
09473,-1
09474,-1
09475,-1
09476,-1
09477,-1
09478,-1
09479,-1
09480,-1
09481,-1
09482,-1
09483,-1
09484,-1
09485,-1
09486,-1
09487,-1
09488,-1
09489,-1
09490,-1
09491,-1
09492,-1
09493,-1
09494,-1
09495,-1
09496,-1
09497,-1
09498,-1
09499,-1
09500,-1
09501,-1
09502,-1
09503,-1
09504,-1
09505,-1
09506,-1
09507,-1
09508,-1
09509,-1
09510,-1
09511,-1
09512,-1
09513,-1
09514,-1
09515,-1
09516,-1
09517,-1
09518,-1
09519,-1
09520,-1
09521,-1
09522,-1
09523,-1
09524,-1
09525,-1
09526,-1
09527,-1
09528,-1
09529,-1
09530,-1
09531,-1
09532,-1
09533,-1
09534,-1
09535,-1
09536,-1
09537,-1
